age_group,emotion_rating,habit_name,habit_description,keywords
4-7,2,Three Face Day Drawing,Draw your day using 3 different faces: sad okay happy,drawing,faces,day reflection
4-7,2,Mood Journal Sticker,Pick 1 feeling sticker and put it in your Mood Journal,sticker,mood journal,feelings
4-7,2,Movement Check-In,Do 5 jumping jacks and say how your body feels after,movement,body awareness,jumping
4-7,2,Mirror Affirmation,Look in the mirror and say: It's okay to be sad sometimes,mirror,affirmation,self-acceptance
4-7,2,Quiet Song Listening,Choose one quiet song to listen to with your eyes closed,music,quiet,eyes closed
4-7,2,Toy Feelings Talk,Hug your favorite toy and tell it how you feel,toy,hug,feelings talk
4-7,2,Feel Better Plan Drawing,Draw a Feel Better Plan with 3 simple steps,planning,drawing,feel better
4-7,2,Shake Off Dance,Do a slow shake off dance with a parent or sibling,dance,shake off,parent time
4-7,2,Silly Feeling Name,Make up a silly name for your sad feeling,silly name,feelings,creativity
4-7,2,Kind Animal Coloring,Color in your favorite animal doing something kind,coloring,animal,kindness
4-7,2,Bedtime Mood Circle,Circle your mood on your emoji chart before bedtime,emoji chart,bedtime,mood tracking
4-7,2,Feelings Flashcard Practice,Pick a Feelings Flashcard and say what that face might need,flashcard,feelings,empathy
4-7,2,Happy Ending Story,Choose a short story with a happy or kind ending,story,happy ending,reading
4-7,2,Worry Envelope,Fold paper into a little envelope and write one worry inside,worry,envelope,writing
4-7,2,Finger Tracing Kindness,Trace your fingers while saying one kind word per finger,tracing,fingers,kind words
4-7,2,Counting Hug,Ask for a hug and count to 10 while holding it,hug,counting,connection
4-7,2,Brave Refill Water,Drink a glass of water and say: I'm refilling my brave,water,brave,refilling
4-7,2,Silly Sadness Dress-Up,Pretend to give your sadness a little hat or silly shoes,pretend,sadness,silly
4-7,2,Rainbow Cloud Drawing,Sit quietly and draw a rainbow cloud or mix of both,drawing,rainbow,cloud,quiet
4-7,2,Self-Thank You,Say thank you to yourself for doing something hard,gratitude,self-thank,hard things
4-7,2,Blue Soft Quiet Hunt,Find 3 things that are blue soft and quiet,finding,blue,soft,quiet
4-7,2,Slow Clapping Breath,Clap your hands slowly 10 times and breathe in between,clapping,slow,breathing
4-7,2,Feel Good Bag,Pack a small Feel Good Bag with soft or funny objects,bag,feel good,soft objects
4-7,2,Gentle Nose Tapping,Tap your nose 5 times and say something gentle,nose tapping,gentle,five times
4-7,2,Together Time Request,Ask a grown-up for 5 minutes of together time,together time,grown-up,five minutes
4-7,2,Toy Comfort Cape,Wrap your stuffed toy in a scarf like a little comfort cape,stuffed toy,comfort cape,scarf
4-7,2,Sad Story Sharing,Tell your toy what made you feel sad today,toy,sad story,sharing
4-7,2,Growing Stretch,Gently stretch your arms to the side and say: I'm still growing,stretching,arms,growing
4-7,2,Backward Counting Rock,Count backward from 10 while holding your worry rock,counting backward,worry rock,ten
4-7,2,Calm Friend Sitting,Find a calm friend (person or plushie) to sit with quietly,calm friend,sitting,quietly
4-7,2,Today I Felt Mini Book,Make a mini book called Today I Felt,mini book,today felt,feelings
4-7,2,Tea Cup Breathing,Blow on your hand like it's a cup of tea — 5 long breaths,breathing,tea cup,five breaths
4-7,2,Kindness Drawing,Draw one kind thing you could do for someone else,drawing,kindness,someone else
4-7,2,Favorite Page Reading,Ask your grown-up to sit with you and read your favorite page,reading,favorite page,grown-up
4-7,2,Slow Knee Marching,Tap your knees left-right like slow marching in place,knee tapping,left-right,marching
4-7,2,Three Feel Better Things,Write or draw 3 things that help me feel better,writing,three things,feel better
4-7,2,Heart Word Tracing,Trace a heart shape and put one word in it,heart tracing,word,shape
4-7,2,Photo Book Looking,Look through a photo book or family pictures with a grown-up,photo book,family pictures,grown-up
4-7,2,Tomorrow You Envelope,Make a drawing and fold it into an envelope for tomorrow you,drawing,envelope,tomorrow
4-7,2,Smile Building Blocks,Build something out of blocks that makes you smile,blocks,building,smile
4-7,2,Kind Self Word,Say one kind word about yourself aloud,kind word,self,aloud
4-7,2,Sad Hope Face Art,Decorate a sad face and then a hope face next to it,decorating,sad face,hope face
4-7,2,Gentle Memory Game,Play a gentle memory game or matching cards,memory game,matching cards,gentle
4-7,2,Kind Character Coloring,Color a favorite cartoon character doing something kind,coloring,cartoon character,kindness
4-7,2,Named Feeling Chart,Put a sticker on your I named my feeling chart,sticker,named feeling,chart
4-7,2,Feeling Microphone,Use a pretend microphone to say: I'm feeling a little sad today,microphone,pretend,sad feeling
4-7,2,Focus Sorting Activity,Sort buttons coins or LEGO by color or shape for focus,sorting,buttons,focus
4-7,2,Secret Toy Bedtime,Whisper a secret feeling to your toy then tuck it into bed,whisper,secret feeling,toy bedtime 