age_group,emotion_rating,habit_name,habit_description,keywords
4-7,5,Victory Superhero Pose,Do a victory dance and strike a superhero pose,victory dance,superhero pose,celebration
4-7,5,Happiest Day Drawing,Draw the happiest part of your day using your favorite colors,drawing,happiest part,favorite colors
4-7,5,Really Happy Announcement,Tell someone: I feel really REALLY happy today!,announcement,really happy,telling someone
4-7,5,Happy Shout Creation,Create your own Happy Shout and say it out loud!,happy shout,creation,out loud
4-7,5,Funny Face Selfie,Make up a funny face and take a selfie or show it to someone,funny face,selfie,showing
4-7,5,Feel Word Jumping,Jump in place 10 times and shout a word that describes how you feel,jumping,ten times,feel word
4-7,5,Happy Crown Making,Make a paper crown and decorate it with happy drawings,paper crown,decorating,happy drawings
4-7,5,Joy Movement Teaching,Teach someone else your happy move (dance spin clap etc.),teaching,happy move,dance spin clap
4-7,5,Mirror Happy Faces,Use a mirror to act out 3 happy faces,mirror,acting,three happy faces
4-7,5,Grateful Bubble Words,Blow pretend bubbles and say a grateful word for each one,pretend bubbles,grateful words,each bubble
4-7,5,Sunshine Smiley Coloring,Color in a smiley face or sunshine image,coloring,smiley face,sunshine
4-7,5,Exciting Building Project,Build something exciting using blocks or LEGO,building,exciting,blocks or LEGO
4-7,5,I Did It Drawing,Draw yourself doing something fun and write: I did it!,drawing yourself,doing fun,I did it
4-7,5,Best Story Sharing,Choose a friend or toy to tell your best story to,story sharing,friend or toy,best story
4-7,5,Feelings Chart Celebration,Celebrate your win by decorating your Feelings Chart,feelings chart,celebrating win,decorating
4-7,5,Happy Echo Game,Play Happy Echo — someone says a happy word and you repeat it louder!,happy echo,happy word,repeat louder
4-7,5,Silly Happy Poem,Write your own Happy Poem with silly rhymes,happy poem,silly rhymes,writing
4-7,5,Dance Freeze Statue,Do a 5-second dance-off and freeze like a statue,dance-off,five seconds,freeze statue
4-7,5,Celebration Balloon Wave,Pick a balloon or ribbon and wave it around like a celebration,balloon,ribbon,celebration wave
4-7,5,Pretend Confetti Throw,Pretend to throw confetti and say: This was a great day!,pretend confetti,great day,throwing
4-7,5,Happy Toolbox Creation,Create a Happy Toolbox with 3 items that remind you of good times,happy toolbox,three items,good times
4-7,5,Body Happy Acting,Act out how your whole body feels when it's super happy,body acting,whole body,super happy
4-7,5,New Happy Dance,Choose your favorite song and make up a new happy dance,favorite song,new dance,making up
4-7,5,Proud Heart Tracing,Trace a big heart and write inside: I felt really proud today because...,heart tracing,proud today,because
4-7,5,Woohoo Clapping,Clap your hands fast 5 times and shout: Woohoo!,clapping,five times,woohoo
4-7,5,High Energy Freeze Dance,Play High-Energy Freeze Dance with a sibling or toy,freeze dance,high energy,sibling or toy
4-7,5,Happiness Face Drawing,Pretend to give your happiness a name and draw its face,happiness name,drawing face,pretend
4-7,5,Self Trophy Making,Create a trophy out of blocks or paper and give it to yourself,trophy,blocks or paper,give yourself
4-7,5,I'm Awesome Because,Say: I'm awesome because... and fill in the blank,awesome because,fill blank,saying
4-7,5,Award Ceremony Acting,Act out a pretend award ceremony for today's happiest moment,award ceremony,pretend,happiest moment
4-7,5,Good Mood Helper,Pick one fun thing to do for someone else while you're in a good mood,good mood,helping someone,fun thing
4-7,5,Big Colorful Word Art,Use markers or chalk to draw a BIG colorful word (e.g. YAY),markers,chalk,big colorful word
4-7,5,Extra Happy Handshake,Make up a handshake to use every time you feel extra happy,handshake,extra happy,make up
4-7,5,Best Day Medal,Decorate a paper medal with stars and write Best Day!,paper medal,stars,best day
4-7,5,Happy Memory Blocks,Stack 5 happy memory blocks while saying one fun thing per block,memory blocks,five,fun thing per block
4-7,5,Joyful Body Stretch,Do a big stretch and say: My body feels joyful!,big stretch,body feels,joyful
4-7,5,Best Days Necklace,Add a bead or button to your Best Days Necklace,bead,button,best days necklace
4-7,5,Fun Activity Invitation,Invite someone to do your favorite fun activity with you,invitation,favorite activity,someone
4-7,5,Ten Out of Ten Sticker,Choose a sticker to mark this as a 10 out of 10 day,sticker,ten out of ten,day marking
4-7,5,Celebration Fort Building,Build a celebration fort using blankets and pillows,celebration fort,blankets,pillows
4-7,5,Play Thank You Note,Write or draw a thank-you to your toy or friend who played with you,thank you note,toy or friend,played with
4-7,5,YES Energy Movement,Run spin or jump outside (or in place) while shouting YES!,running,spinning,jumping,YES
4-7,5,Happy Timer Dancing,Use a happy timer for 2 minutes of silly dancing or laughter,happy timer,two minutes,silly dancing
4-7,5,Best Moment Comic,Draw a comic strip about your best moment today,comic strip,best moment,today
4-7,5,Power Word Chanting,Say your power word out loud 3 times (e.g. fun strong fast),power word,three times,chanting
4-7,5,Feel Good Wall Addition,Add today's best thing to your Feel Good Wall or notebook,feel good wall,best thing,today
4-7,5,Happy Day Movie Replay,Close your eyes and replay the best part of your day in your mind like a movie,eyes closed,replay,mind movie 