age_group,emotion_rating,habit_name,habit_description,keywords
4-7,4,Best Day Drawing,Draw a picture of the best thing that happened today,drawing,best thing,today
4-7,4,Joy Journal Sticker,Pick a sticker for your Joy Journal and explain why you chose it,sticker,joy journal,explaining
4-7,4,Family Silly Dance,Do a silly dance for 1 minute with a family member,silly dance,family,one minute
4-7,4,Good Day Toy Hug,Hug your favorite toy and say: I'm having a good day!,toy hug,good day,favorite
4-7,4,Today's Like Sharing,Tell a grown-up one thing you liked about today,sharing,grown-up,liked today
4-7,4,Happy Color Drawing,Pick a color that matches your happy feeling and draw with it,color,happy feeling,drawing
4-7,4,High Five Round,Give a high five to 3 people or toys,high five,three,people or toys
4-7,4,Happy Emoji Tracker,Add a happy emoji to your feelings tracker,emoji,feelings tracker,happy
4-7,4,Happy Song Singing,Choose a happy song and sing or hum along,song,singing,humming
4-7,4,Helping Good Mood,Share your good mood by helping someone with a small task,helping,good mood,small task
4-7,4,Happy Hop Movement,Do a Happy Hop across the room,hopping,movement,across room
4-7,4,Favorite Game Time,Play your favorite game for 5-10 minutes,favorite game,playing,five to ten minutes
4-7,4,Day Story Telling,Tell your toy or pet something nice about your day,storytelling,toy or pet,nice day
4-7,4,Rainbow Happy Words,Draw a rainbow and write one happy word on each color,rainbow,drawing,happy words
4-7,4,Good Day Chain,Add a bead or charm to your Good Day Chain,bead,charm,good day chain
4-7,4,Mirror Thumbs Up,Give yourself a thumbs up in the mirror and smile,mirror,thumbs up,smile
4-7,4,Thank You Note,Write a thank-you note or picture for someone who helped you,thank you,note,helped
4-7,4,Happy Face Mirror Game,Do a partner happy face mirror game — copy silly grins!,mirror game,partner,silly grins
4-7,4,Act Out Happy,Play Act It Out: pretend to be someone who's very happy,acting,pretend,very happy
4-7,4,Three Good Things,Whisper 3 good things that happened today,whisper,three good things,today
4-7,4,Happy Moment Counting,Count your happy moments on your fingers (up to 10),counting,happy moments,fingers
4-7,4,Joke Telling Time,Tell someone a joke or a funny story,joke,funny story,telling
4-7,4,Sunshine Stretch,Do a sunshine stretch with arms wide open,stretching,sunshine,arms wide
4-7,4,Celebration Toy Friend,Choose a toy to join you in your celebration time,toy friend,celebration,choosing
4-7,4,Love Picture Drawing,Draw a picture for someone you love,drawing,love,someone
4-7,4,Feel Good Book Page,Add a page to your Feel Good Book,book page,feel good,adding
4-7,4,Dance Break Timer,Set a timer for a 2-minute dance break to your favorite song,dance break,timer,two minutes
4-7,4,Pride Naming,Name one thing you're proud of from today,naming,proud,today
4-7,4,Good Day Affirmation,Say: I feel really good today! three times out loud,affirmation,feel good,three times
4-7,4,Happy Kindness Show,Choose one way to show kindness while you feel happy,kindness,choosing,happy feeling
4-7,4,Happy Path Drawing,Use crayons to draw a happy path across a big sheet of paper,crayons,happy path,big paper
4-7,4,Made-Up Happy Song,Sing your own Happy Song using made-up words,singing,made-up words,own song
4-7,4,Bubble Happy Words,Blow bubbles and say one happy word with each one,bubbles,happy words,each bubble
4-7,4,Emoji Card Sharing,Share your mood with a family member using an emoji card,emoji card,mood sharing,family
4-7,4,Happy Crown Making,Decorate a crown or badge that says: Today I felt HAPPY!,crown,decorating,today happy
4-7,4,Happy Handshake,Pick a calm buddy (toy or person) and do a happy handshake,handshake,buddy,calm
4-7,4,Body Thank You,Say thank you to your body for helping you play and feel good,body gratitude,thank you,play
4-7,4,Celebration Planning,Help plan a small snack or story time as a celebration,planning,celebration,snack or story
4-7,4,Awesome Day Spinning,Spin around 5 times and say: This day is awesome!,spinning,five times,awesome day
4-7,4,Ten Second Smile,Smile into a mirror and hold it for 10 seconds,mirror smile,ten seconds,holding
4-7,4,Just Because Craft,Make a card or craft for a friend just because,craft,card,friend,just because
4-7,4,Home Compliment,Give a compliment to someone in your home,compliment,someone,home
4-7,4,Smile Things Naming,Say 3 things that make you smile most days,naming,three things,smile
4-7,4,Happy Emotion Acting,Act out your happy emotion using dance or a silly walk,acting,emotion,dance or walk
4-7,4,Color Feeling Scribble,Choose a different color for each happy feeling and scribble it big!,color,feelings,scribbling
4-7,4,Fun Thank You Whisper,Whisper thank you to something fun that happened,whisper,thank you,fun thing
4-7,4,Happy Superhero Pose,Make up a superhero pose and shout your happy word,superhero pose,happy word,shouting
4-7,4,Bedtime Happy Hug,End your day with a happy hug routine before bed,bedtime,happy hug,routine 