age_group,emotion_rating,habit_name,habit_description,keywords
4-7,1,Calm Corner Cuddle,Sit in the calm corner with your favorite cuddly friend for 5 minutes,calm corner,cuddly toy,quiet time
4-7,1,Breathing Buddy Practice,Choose one stuffed toy to breathe with — rise and fall with your belly,breathing,stuffed toy,belly breathing
4-7,1,Blanket Burrito Hug,Hug a soft pillow or wrap yourself blanket burrito-style,blanket,pillow,hugging
4-7,1,Feel Better Deck,Pick a calm card from your Feel Better Deck,cards,feel better,choosing
4-7,1,Pillow Whisper,Whisper your worry into your pillow 3 times,whisper,pillow,worry
4-7,1,Calming Music Rest,Listen to a calming song while lying on your back,music,lying down,calm
4-7,1,Gentle Rocking,Rock gently in your chair or with a parent,rocking,chair,parent
4-7,1,Peace Light Time,Sit in a dim quiet space with your peace light (small lamp or fairy light),dim light,peace light,quiet space
4-7,1,Feelings Chart Sticker,Pick a comfort sticker and put it on your Feelings Chart,sticker,feelings chart,comfort
4-7,1,Paper Tearing Art,Tear scrap paper into shapes and glue them together slowly,paper,tearing,art,slow activity
4-7,1,Gentle Helper Task,Water your plant or help a grown-up with a gentle chore,helping,plant,gentle chore
4-7,1,Finger Tapping Rhythm,Tap your fingers slowly on your knees: left right left right,finger tapping,rhythm,knees
4-7,1,Belly Buddy Rest,Lie down with your belly breathing buddy (a small plush toy),belly,plush toy,lying down
4-7,1,Glitter Jar Watch,Watch a glitter jar settle from top to bottom,glitter jar,watching,settling
4-7,1,Birthday Candle Breathing,Pretend to blow out 5 birthday candles,breathing,birthday candles,pretend
4-7,1,Blanket Fort Quiet Time,Snuggle in your blanket fort for a quiet time break,blanket fort,snuggle,quiet time
4-7,1,Heartbeat Counting,Place your hand on your chest and count 5 heartbeats,heartbeat,counting,chest
4-7,1,Sad Cloud Drawing,Draw a sad cloud and then draw it floating away,drawing,sad cloud,floating away
4-7,1,Hand Holding Breathing,Hold your adult's hand and match their breathing,hand holding,adult,matching breathing
4-7,1,Slow Coloring,Sit quietly and color a page with slow big strokes,coloring,slow,big strokes
4-7,1,Comfort Toy Talk,Whisper your feeling into your comfort toy's ear,comfort toy,whisper,feelings
4-7,1,Feel Safe Card,Make a Feel Safe card to keep under your pillow,feel safe,card,pillow
4-7,1,Soft Things Naming,Name 3 soft things in the room,soft things,naming,room
4-7,1,Okay to Feel Sad,Say: It's okay to feel sad three times,okay to feel sad,saying,three times
4-7,1,Cozy Place Imagination,Close your eyes and imagine a warm cozy place,imagination,cozy place,eyes closed
4-7,1,Hand Press Counting,Press your hands together and count to 10 slowly,hands together,counting,slowly
4-7,1,Sleepy Cat Stretch,Lay flat on the floor and stretch like a sleepy cat,stretching,sleepy cat,floor
4-7,1,Calm Chart Sticker,Put a sticker on your Calm Chart when you complete this habit,calm chart,sticker,completion
4-7,1,Sad Day Journal,Write or draw in your Sad Day Journal,journal,writing,drawing
4-7,1,Blanket Wrap Counting,Wrap yourself in your blanket and count to 20,blanket wrap,counting,twenty
4-7,1,Emoji Feelings,Choose 3 emoji faces that show how you feel,emoji,faces,feelings
4-7,1,Comfort Book,Put your favorite book near your bed for comfort,comfort book,bed,favorite
4-7,1,Gentle Swaying,Gently swing or sway with a grown-up or by yourself,swaying,swinging,gentle
4-7,1,Safe and Loved Affirmation,Say: I am safe. I am loved. quietly to yourself,affirmation,safe,loved
4-7,1,Sleepy Flower Stretch,Touch your toes and stand up slowly like a sleepy flower,toe touch,sleepy flower,slow movement
4-7,1,One Minute Quiet,Find a quiet spot and sit with your eyes closed for 1 minute,quiet spot,eyes closed,one minute
4-7,1,Water and Breathing,Drink a small glass of water and take 5 deep breaths,water,deep breaths,five
4-7,1,Soft Pet Brushing,Pet or brush a soft toy or real animal (if available),petting,brushing,soft toy
4-7,1,Trusted Person Sit,Ask to sit next to someone you trust,trusted person,sitting,next to
4-7,1,Cozy Things Naming,Name 3 things that help you feel cozy,cozy things,naming,three
4-7,1,Balloon Breathing,Pretend to blow up a balloon slowly — but don't let it pop,balloon breathing,pretend,slowly
4-7,1,Butterfly Worry Release,Hold your worry in your hands then let it go like a pretend butterfly,worry release,butterfly,hands
4-7,1,Tell a Grown-Up,Tell a grown-up: I'm having a very sad moment right now.,tell grown-up,sad moment,communication
4-7,1,Toe and Finger Counting,Count your toes or fingers slowly and quietly,counting,toes,fingers
4-7,1,Story Time Calm,Sit with a storybook and read or listen with a calm voice,storybook,reading,calm voice
4-7,1,Brave Star Reward,Add a star to your Feelings Calendar for being brave,star,feelings calendar,brave 