age_group,emotion_rating,habit_name,habit_description,keywords
8-10,2,Feelings Notebook Writing,Write about what made you feel sad today in a feelings notebook.,"[""write"", ""feelings"", ""notebook"", ""sad"", ""journal""]"
8-10,2,What Happened What I Need,Draw two boxes: one for What happened and one for What I need.,"[""draw"", ""boxes"", ""what happened"", ""what I need"", ""organize""]"
8-10,2,Gray Days Playlist,Listen to a soft playlist you've created for gray days.,"[""listen"", ""soft"", ""playlist"", ""gray days"", ""music""]"
8-10,2,Trusted Adult Talk,Talk to a trusted adult or friend about what happened — even for 5 minutes.,"[""talk"", ""trusted"", ""adult"", ""friend"", ""5 minutes""]"
8-10,2,Kindness Mood Lift,Do a kind thing for someone else to help lift your own mood.,"[""kind"", ""someone else"", ""lift mood"", ""help"", ""giving""]"
8-10,2,Comfort Activity Choice,Choose a comfort activity: reading LEGOs coloring or organizing.,"[""comfort"", ""activity"", ""reading"", ""LEGOs"", ""coloring""]"
8-10,2,Sadness Breathing Affirmation,Take 3 slow breaths and say Sadness is part of me not all of me.,"[""3 breaths"", ""slow"", ""sadness"", ""part of me"", ""affirmation""]"
8-10,2,Future Self Hope Letter,Write a letter to your future self with a message of hope.,"[""letter"", ""future self"", ""hope"", ""message"", ""write""]"
8-10,2,Feelings Wheel Practice,Use a Feelings Wheel to find the best word for your mood.,"[""feelings wheel"", ""best word"", ""mood"", ""identify"", ""emotion""]"
8-10,2,Cloud Worry Doodle,Doodle a cloud and write what's bothering you inside it.,"[""doodle"", ""cloud"", ""bothering"", ""inside"", ""worry""]"
8-10,2,Warm Drink Calm,Make a warm drink and drink it slowly while sitting calmly.,"[""warm drink"", ""slowly"", ""sitting"", ""calmly"", ""mindful""]"
8-10,2,Walking Observation,Go for a walk outside and name 5 things you see or hear.,"[""walk"", ""outside"", ""5 things"", ""see"", ""hear""]"
8-10,2,Let Go Jar,Write down 1 thing that made you sad and then fold it into a let-go jar.,"[""write down"", ""sad"", ""fold"", ""let-go jar"", ""release""]"
8-10,2,Visual Timer Quiet,Use a calming visual timer to sit quietly for 2–5 minutes.,"[""visual timer"", ""calming"", ""sit quietly"", ""2-5 minutes"", ""focus""]"
8-10,2,Puppet Feelings Talk,Talk through your feelings with a puppet or toy character.,"[""talk"", ""feelings"", ""puppet"", ""toy character"", ""express""]"
8-10,2,Mood Comic Strip,Make a comic strip that shows how your mood changed today.,"[""comic strip"", ""mood"", ""changed"", ""today"", ""visual""]"
8-10,2,Sadness Scale Coloring,Create a sadness scale from 1–10 and color in where you are.,"[""sadness scale"", ""1-10"", ""color"", ""where you are"", ""rating""]"
8-10,2,Mood Calendar Sticker,Choose a mood sticker to place on your calendar.,"[""mood"", ""sticker"", ""calendar"", ""place"", ""track""]"
8-10,2,Scented Focus Time,Light a (supervised) candle or diffuser and focus on the scent.,"[""candle"", ""diffuser"", ""scent"", ""focus"", ""supervised""]"
8-10,2,Quiet Break Request,Ask for a 10-minute quiet break in your room or safe corner.,"[""10-minute"", ""quiet break"", ""room"", ""safe corner"", ""ask""]"
8-10,2,Gentle Yoga Movement,Do a slow yoga stretch or breathing movement with a video.,"[""slow yoga"", ""stretch"", ""breathing"", ""movement"", ""video""]"
8-10,2,Rainbow Name Tracing,Trace your name with rainbow colors while breathing calmly.,"[""trace"", ""name"", ""rainbow colors"", ""breathing"", ""calmly""]"
8-10,2,Body Tension Mapping,Circle the parts of your body that feel heavy or tense on a paper outline.,"[""body"", ""heavy"", ""tense"", ""paper outline"", ""circle""]"
8-10,2,Comfort Story Reading,Pick a short comfort story to read or be read to you.,"[""comfort story"", ""read"", ""short"", ""comfort"", ""familiar""]"
8-10,2,Daily Balance Writing,Write 3 things that didn't go well and 1 thing that helped.,"[""3 things"", ""didn't go well"", ""1 thing"", ""helped"", ""balance""]"
8-10,2,Mood Color Drawing,Choose a color that matches your mood and draw with only that.,"[""color"", ""matches mood"", ""draw"", ""only that"", ""express""]"
8-10,2,Peaceful Visual Memory,Look at photos or artwork that usually make you feel peaceful.,"[""photos"", ""artwork"", ""peaceful"", ""feel"", ""visual""]"
8-10,2,Mood Map Tracking,Fill out a mood map showing who you were with and what you did.,"[""mood map"", ""who"", ""what you did"", ""tracking"", ""awareness""]"
8-10,2,Cocoon Blanket Time,Wrap up in a blanket and imagine you're a caterpillar in a cocoon.,"[""blanket"", ""wrap"", ""caterpillar"", ""cocoon"", ""imagine""]"
8-10,2,Sadness Visitor Talk,Talk to your sadness like it's a visitor: Why are you here today?,"[""talk"", ""sadness"", ""visitor"", ""why here"", ""dialogue""]"
8-10,2,Self-Like List,List 3 things you like about yourself even if you don't feel it right now.,"[""3 things"", ""like yourself"", ""don't feel"", ""right now"", ""self-worth""]"
8-10,2,Repetitive Task Calm,Ask to do a slow repetitive task like washing dishes sorting cards or sweeping.,"[""slow"", ""repetitive"", ""washing"", ""sorting"", ""sweeping""]"
8-10,2,Water Balance Drinking,Drink a glass of water and imagine it helping you feel more balanced.,"[""glass water"", ""imagine"", ""helping"", ""balanced"", ""hydration""]"
8-10,2,Gentle Audio Lying,Choose a gentle podcast or audiobook to listen to while lying down.,"[""gentle"", ""podcast"", ""audiobook"", ""lying down"", ""listen""]"
8-10,2,Soft Moldable Play,Play with sand clay or dough — something soft and moldable.,"[""sand"", ""clay"", ""dough"", ""soft"", ""moldable""]"
8-10,2,Kind Self-Sentence,Practice one kind sentence to myself like I'm trying my best.,"[""kind sentence"", ""myself"", ""trying my best"", ""practice"", ""self-compassion""]"
8-10,2,Quiet Organizing,Organize your backpack toys or shelf while thinking quietly.,"[""organize"", ""backpack"", ""toys"", ""shelf"", ""thinking quietly""]"
8-10,2,Finger Tracing Practice,Trace a shape or picture using only your finger — no pencil.,"[""trace"", ""shape"", ""picture"", ""finger"", ""no pencil""]"
8-10,2,Cloud Thought Watching,Watch clouds outside and imagine each one is a passing thought.,"[""clouds"", ""outside"", ""imagine"", ""passing thought"", ""mindfulness""]"
8-10,2,Paper Airplane Release,Make a paper airplane with a sad thought on it then let it fly.,"[""paper airplane"", ""sad thought"", ""let it fly"", ""release"", ""symbolic""]"
8-10,2,Feeling Sentence Label,Label your feeling in a sentence: I felt sad when ___ because __.,"[""label"", ""feeling"", ""sentence"", ""felt sad when"", ""because""]"
8-10,2,Body Feeling Expression,Act out the feeling with your face or body and then shake it off.,"[""act out"", ""feeling"", ""face"", ""body"", ""shake it off""]"
8-10,2,Simple Cooking Help,Ask to help cook something simple like a snack or tea.,"[""help cook"", ""simple"", ""snack"", ""tea"", ""kitchen""]"
8-10,2,Plant Care Wiping,Water a plant or gently wipe down a surface — quiet motion matters.,"[""water plant"", ""wipe"", ""surface"", ""quiet motion"", ""care""]"
8-10,2,Mindful Paper Folding,Fold paper slowly into origami or shapes — focus on each step.,"[""fold paper"", ""slowly"", ""origami"", ""shapes"", ""each step""]"
8-10,2,Texture Object Holding,Hold a smooth object (stone toy shell) and name its textures.,"[""smooth object"", ""stone"", ""toy"", ""shell"", ""textures""]"
8-10,2,Grounding 5-4-3 Activity,Do one grounding activity: touch 5 things listen to 4 notice 3 etc.,"[""grounding"", ""touch 5"", ""listen 4"", ""notice 3"", ""senses""]"
8-10,2,Nature Video Breathing,Watch a nature video or aquarium cam while breathing deeply.,"[""nature video"", ""aquarium cam"", ""breathing deeply"", ""watch"", ""calm""]"
8-10,2,Quiet Game Playing,Ask to play a card or board game that doesn't require much talking.,"[""card game"", ""board game"", ""doesn't require"", ""talking"", ""quiet""]"
8-10,2,Sad But Safe Affirmation,Say: I feel sad but I'm safe. I'm learning how to take care of myself.,"[""feel sad"", ""but safe"", ""learning"", ""take care"", ""myself""]" 