age_group,emotion_rating,habit_name,habit_description,keywords
4-7,3,Mood Weather Report,Draw a weather report for your mood (sunny cloudy mixed),drawing,weather,mood report
4-7,3,Daily Feelings Chart,Circle your emoji face on today's feelings chart,emoji,feelings chart,daily tracking
4-7,3,Cat Wake-Up Stretch,Stretch like a cat waking up — 3 big stretches,stretching,cat,waking up
4-7,3,One Word Feeling,Choose one word to describe how you feel right now,word choice,feelings,describing
4-7,3,Quiet Crayon Sorting,Sort your crayons by color quietly for 2 minutes,sorting,crayons,color,quiet
4-7,3,Calm Space Toy Time,Sit in your calm space and play with one soft toy for 5 minutes,calm space,soft toy,five minutes
4-7,3,Sound Counting,Count 5 sounds you can hear while sitting still,counting,sounds,sitting still
4-7,3,Daily Journal Entry,Write or draw something from your day in your journal,journal,writing,drawing,daily
4-7,3,Mood Sticker Selection,Pick 3 stickers to show your mood today,stickers,mood,three choices
4-7,3,Hand Tracing Coloring,Trace your hand slowly with a crayon and color each finger,hand tracing,crayon,coloring
4-7,3,Quiet Spy Walking,Do quiet feet walking around the room like a sneaky spy,quiet walking,spy,sneaky
4-7,3,Toy Mood Matching,Match a toy to your mood and explain why,toy matching,mood,explaining
4-7,3,Grown-Up Feeling Check,Ask a grown-up: How are you feeling today?,grown-up,asking,feelings check
4-7,3,Calm Story Time,Read or listen to a book with a calm or silly story,reading,story,calm
4-7,3,Toy Size Sorting,Choose 3 small toys and sort them by size or shape,toys,sorting,size,shape
4-7,3,Quiet Activity Time,Sit with a puzzle or quiet activity for 10 minutes,puzzle,quiet activity,ten minutes
4-7,3,Mood Face Art,Decorate a blank face drawing to show your current mood,face drawing,decorating,current mood
4-7,3,Nature Object Description,Pick a nature object (leaf rock) and describe it aloud,nature object,describing,aloud
4-7,3,Glitter Jar Watching,Watch a snow globe or glitter jar settle fully,glitter jar,watching,settling
4-7,3,Mirror Window Drawing,Use your finger to draw on a foggy mirror or window,finger drawing,mirror,window
4-7,3,Careful Tower Building,Build a tower of 5 things slowly and carefully,building,tower,careful
4-7,3,Whisper Counting,Practice whisper counting from 1 to 20,whisper,counting,twenty
4-7,3,Curiosity Pointing,Point to one thing you're curious about today,pointing,curiosity,today
4-7,3,Helper Chore Time,Help a grown-up with a small chore like watering or folding,helping,chore,grown-up
4-7,3,Photo Memory Talk,Look at a family photo and say something about that memory,photo,family,memory
4-7,3,Soft Animal Petting,Pet a soft stuffed animal slowly while breathing,petting,stuffed animal,breathing
4-7,3,Emotion Face Drawing,Practice drawing emotion faces on a dry-erase board,drawing,emotion faces,dry-erase
4-7,3,Feelings Deck Matching,Choose a card from your Feelings Deck and match your mood,feelings deck,card,mood matching
4-7,3,Raindrop Finger Tapping,Tap your fingers like raindrops on the table for 30 seconds,finger tapping,raindrops,thirty seconds
4-7,3,Calm Space Decorating,Decorate a corner of your Calm Space with one new item,decorating,calm space,new item
4-7,3,Easy Thing Naming,Name one thing that felt easy today,naming,easy thing,today
4-7,3,Smile Making Question,Ask: What's something I can do to make someone smile?,asking,smile making,someone
4-7,3,Quiet Playlist Humming,Listen to a quiet playlist and hum along,playlist,humming,quiet music
4-7,3,Gentle Ball Bouncing,Gently bounce a ball or balloon for 2 minutes,bouncing,ball,balloon,gentle
4-7,3,Paper Shape Folding,Fold a paper shape (heart star) slowly and carefully,paper folding,shapes,careful
4-7,3,Emotion Superhero,Imagine and describe your own emotion superhero,imagination,superhero,emotions
4-7,3,Plant Care Talk,Water your plant and talk to it kindly,plant care,watering,talking kindly
4-7,3,Yesterday Nice Thing,Write or draw something nice that happened yesterday,writing,yesterday,nice thing
4-7,3,Today I Felt Strip,Fill in your Today I Felt sentence strip,sentence strip,today felt,filling in
4-7,3,Ceiling Cloud Watching,Lie down and watch the ceiling or clouds for 1 minute,lying down,watching,ceiling,clouds
4-7,3,Partner Ball Rolling,Roll a soft ball back and forth with a partner,ball rolling,partner,soft ball
4-7,3,Today I Liked Prompt,Choose a journal prompt: Today I liked,journal prompt,today liked,choosing
4-7,3,Toy Organization,Organize your toys or books by how much you use them,organizing,toys,books,usage
4-7,3,Step Counting Walk,Count your steps from the kitchen to your room,counting steps,kitchen,room
4-7,3,Calm Jar Making,Make a calm jar with sparkles or beads,calm jar,making,sparkles,beads
4-7,3,Calm Chart Check,Look at your calm chart and check off one routine you've done,calm chart,checking off,routine
4-7,3,Silent Coloring Time,Color in silence for 5 full minutes,coloring,silence,five minutes
4-7,3,Mirror Self-Kindness,Smile in the mirror and say one nice thing to yourself,mirror,smile,self-kindness
4-7,3,Okay Day Hops,Do 3 slow hops and say: Today was okay. That's good too.,hopping,okay day,acceptance 