age_group,emotion_rating,habit_name,habit_description,keywords
8-10,1,Cozy Quiet Time,Sit quietly in a cozy spot with a blanket and soft lighting.,"[""cozy"", ""quiet"", ""blanket"", ""soft"", ""lighting""]"
8-10,1,Heart Drawing,Draw how your heart feels using only shapes and colors.,"[""draw"", ""heart"", ""shapes"", ""colors"", ""feelings""]"
8-10,1,Feelings Note,Write a note to someone (or to yourself) about how you feel.,"[""write"", ""note"", ""feelings"", ""self""]"
8-10,1,Comfort Object Time,Hug a favorite soft toy pillow or comfort object for 2 minutes.,"[""hug"", ""soft toy"", ""comfort"", ""pillow""]"
8-10,1,Soft Music Breathing,Listen to a soft slow song and just breathe.,"[""soft"", ""music"", ""breathe"", ""slow""]"
8-10,1,Warm Cup Comfort,Hold a warm cup of tea or cocoa and describe how it feels.,"[""warm"", ""cup"", ""tea"", ""cocoa"", ""comfort""]"
8-10,1,Quiet Cuddle Time,Ask for a quiet cuddle with a trusted adult or pet.,"[""cuddle"", ""quiet"", ""trusted"", ""adult"", ""pet""]"
8-10,1,Warm Bath Comfort,Take a warm shower or bath with soft lighting.,"[""warm"", ""shower"", ""bath"", ""soft"", ""lighting""]"
8-10,1,Self-Care Moment,Do one small kind thing for yourself like brushing your hair slowly.,"[""self-care"", ""kind"", ""gentle"", ""hair"", ""slow""]"
8-10,1,Energy Release Scribble,Scribble fast and big on paper to release energy.,"[""scribble"", ""fast"", ""big"", ""paper"", ""release""]"
8-10,1,Window Observation,Sit by a window or outside and name 3 things you see.,"[""window"", ""outside"", ""observe"", ""see"", ""nature""]"
8-10,1,Feeling Word Practice,Choose one word that describes your feeling and write it 5 times.,"[""word"", ""feeling"", ""write"", ""describe"", ""practice""]"
8-10,1,Safety Bubble Wrap,Wrap yourself in a blanket and imagine you're in a safe bubble.,"[""blanket"", ""wrap"", ""safe"", ""bubble"", ""imagine""]"
8-10,1,Calming Breathing Pattern,Do a breathing pattern: in for 4 hold for 4 out for 6.,"[""breathing"", ""pattern"", ""calm"", ""count"", ""rhythm""]"
8-10,1,Mandala Coloring,Color in a mandala or calming shape.,"[""color"", ""mandala"", ""calming"", ""shape"", ""focus""]"
8-10,1,Safe Memory Photos,Look through old drawings or photos that make you feel safe.,"[""photos"", ""drawings"", ""safe"", ""memory"", ""comfort""]"
8-10,1,Scented Comfort,Light a scented candle or use lavender lotion (with help).,"[""scented"", ""candle"", ""lavender"", ""lotion"", ""smell""]"
8-10,1,Private Fort Building,Build a mini fort where no one can talk to you unless invited.,"[""fort"", ""private"", ""build"", ""invited"", ""space""]"
8-10,1,Fidget Comfort Items,Use fidget items like putty textured toys or stress balls.,"[""fidget"", ""putty"", ""textured"", ""stress balls"", ""touch""]"
8-10,1,Sad Day Comfort Box,Create a sad day box filled with comforting things.,"[""sad day"", ""box"", ""comfort"", ""things"", ""create""]"
8-10,1,Pillow Whispers,Whisper your feelings into your pillow or stuffed toy.,"[""whisper"", ""feelings"", ""pillow"", ""stuffed toy"", ""private""]"
8-10,1,Calming Media Time,Watch a quiet calming video or listen to nature sounds.,"[""quiet"", ""calming"", ""video"", ""nature sounds"", ""listen""]"
8-10,1,Letter to Sadness,Write a letter to your sadness and fold it into an envelope.,"[""letter"", ""sadness"", ""write"", ""envelope"", ""fold""]"
8-10,1,Quiet Craft Activity,Do a quiet craft like bead threading or soft clay modeling.,"[""quiet"", ""craft"", ""beads"", ""clay"", ""modeling""]"
8-10,1,Hand Tracing Kindness,Trace your hand on paper and write one kind word on each finger.,"[""trace"", ""hand"", ""paper"", ""kind words"", ""finger""]"
8-10,1,Safe People List,List 3 people who make you feel safe — or draw them.,"[""safe people"", ""list"", ""draw"", ""feel safe"", ""support""]"
8-10,1,Gentle Watercolor,Use a soft brush or sponge to gently paint with watercolors.,"[""soft brush"", ""gentle"", ""paint"", ""watercolors"", ""sponge""]"
8-10,1,Mindless Doodling,Doodle shapes without a goal — let your mind rest.,"[""doodle"", ""shapes"", ""mindless"", ""rest"", ""goal""]"
8-10,1,Plant Care Touch,Water a plant or gently touch leaves and notice the details.,"[""plant"", ""water"", ""touch"", ""leaves"", ""details""]"
8-10,1,Familiar Reading,Read a short comic or chapter from a familiar book.,"[""read"", ""comic"", ""chapter"", ""familiar"", ""book""]"
8-10,1,Need Communication,Write one thing you need today and show it to an adult.,"[""write"", ""need"", ""today"", ""adult"", ""communicate""]"
8-10,1,Story Time Comfort,Listen to a calming bedtime story even if it's not bedtime.,"[""story"", ""bedtime"", ""calming"", ""listen"", ""comfort""]"
8-10,1,Gentle Rocking,Rock gently in a chair or sway side to side.,"[""rock"", ""gentle"", ""chair"", ""sway"", ""movement""]"
8-10,1,Heavy Comfort,Lay down with a weighted blanket or pile of pillows.,"[""weighted blanket"", ""pillows"", ""heavy"", ""lay down"", ""comfort""]"
8-10,1,Favorite Words,Whisper your three favorite words to yourself slowly.,"[""whisper"", ""favorite words"", ""slowly"", ""self"", ""comfort""]"
8-10,1,Emotion Check-In,Use an emotional check-in card to help name the feeling.,"[""emotion"", ""check-in"", ""card"", ""name"", ""feeling""]"
8-10,1,Worry Release Jar,Create a worry jar and write down what you want to let go of.,"[""worry"", ""jar"", ""write"", ""let go"", ""release""]"
8-10,1,Safe Place Visualization,Close your eyes and imagine a safe place in your mind.,"[""close eyes"", ""imagine"", ""safe place"", ""mind"", ""visualization""]"
8-10,1,Guided Mindfulness,Use an app or guided audio for kids' mindfulness.,"[""app"", ""guided"", ""audio"", ""mindfulness"", ""kids""]"
8-10,1,Calming Tracing,Trace a calming spiral or maze with your finger.,"[""trace"", ""spiral"", ""maze"", ""finger"", ""calming""]"
8-10,1,Silent Togetherness,Ask to sit near someone quietly even without talking.,"[""sit near"", ""quietly"", ""silent"", ""together"", ""no talking""]"
8-10,1,Empathy Story Writing,Write a story where someone else feels like you do and gets support.,"[""story"", ""empathy"", ""feels like"", ""support"", ""write""]"
8-10,1,Legs Up Wall,Lay on the floor with your legs up the wall for 2 minutes.,"[""lay"", ""floor"", ""legs up"", ""wall"", ""minutes""]"
8-10,1,Soft Object Breathing,Choose one soft object to hold while you breathe deeply.,"[""soft object"", ""hold"", ""breathe"", ""deeply"", ""comfort""]"
8-10,1,Before and After Drawing,Write or draw a before and after page — what helped a little?,"[""before"", ""after"", ""draw"", ""helped"", ""progress""]"
8-10,1,Balloon Breathing,Blow up a balloon or pretend to if it's too loud.,"[""balloon"", ""blow"", ""pretend"", ""loud"", ""breathing""]"
8-10,1,Countdown Breathing,Count backward slowly from 20 to 0 while breathing deeply.,"[""count"", ""backward"", ""slowly"", ""breathing"", ""deep""]"
8-10,1,Daily Ending Affirmation,End your day with the same phrase: I'm allowed to feel sad. And I'm still safe.,"[""end day"", ""phrase"", ""allowed"", ""sad"", ""safe""]" 