age_group,emotion_rating,tip_text,tip_category
4-7,2,"Acknowledge their sadness: 'I see you're feeling sad. That's okay.'",emotional_support
4-7,2,"Offer two comforting choices: 'Do you want a cuddle or a quiet story?'",emotional_support
4-7,2,"Help them name the cause: 'You're sad because your block tower fell, right?'",emotional_support
4-7,2,"Use a feelings chart to point to the 'sad' face and talk about it.",emotional_support
4-7,2,"Encourage them to draw what's making them feel sad.",creative_expression
4-7,2,"Sit beside them and breathe slowly together.",coping_strategies
4-7,2,"Suggest a soothing activity: 'Shall we play with playdough?'",engagement
4-7,2,"Reflect empathy: 'I feel sad when I miss my friends too.'",emotional_support
4-7,2,"Offer a low-stimulation space if they seem overstimulated or overwhelmed.",comfort
4-7,2,"Say: 'Sad moments come and go. I'll stay with you until they do.'",emotional_support
4-7,2,"Use a soft, slow voice to match their emotional state.",comfort
4-7,2,"Invite them to hold your hand for comfort and reassurance.",comfort
4-7,2,"Read a short book with a character who works through sadness.",creative_expression
4-7,2,"Plan a small joy together after talking — baking, music, or coloring.",engagement
4-7,2,"Let them pick a comfort object (stuffed toy, soft blanket, etc.).",comfort
4-7,2,"Use a 5-minute timer to make 'quiet time' feel safe and structured.",coping_strategies
4-7,2,"Ask: 'Would a hug help right now?' (rather than assuming).",emotional_support
4-7,2,"Briefly model your own small sad moment to normalize emotions.",emotional_support
4-7,2,"Encourage them to sing or hum a calming song together with you.",comfort
4-7,2,"Offer a small sensory object like a stress ball or smooth stone.",comfort
4-7,2,"Build a cozy blanket fort where they can calm down.",comfort
4-7,2,"Reassure: 'It's okay to take your time to feel better.'",emotional_support
4-7,2,"Use puppets or dolls to role-play and externalize feelings.",creative_expression
4-7,2,"Ask: 'What usually helps when you feel like this?'",emotional_support
4-7,2,"Offer warm milk, water, or a soft snack — hunger worsens sadness.",comfort
4-7,2,"Bring up a recent happy memory to gently rebalance.",emotional_support
4-7,2,"Suggest a slow-paced walk around the house or garden.",engagement
4-7,2,"Help them list 3 small things they like about today.",coping_strategies
4-7,2,"Use scarves or color cards to help express their feelings.",creative_expression
4-7,2,"Collaborate on a 'feel better' drawing or painting.",creative_expression
4-7,2,"Say: 'Sadness often means something really mattered to us.'",emotional_support
4-7,2,"Use a sticker chart to gently track and normalize emotions.",coping_strategies
4-7,2,"Keep tasks and instructions very short and clear.",emotional_support
4-7,2,"Say: 'Want to hear about a time I felt sad too?'",emotional_support
4-7,2,"Gently rub their back or shoulders if they like physical touch.",comfort
4-7,2,"Try silly faces or gentle humor — only if they're open to it.",engagement
4-7,2,"Use a short guided breathing video or app designed for young kids.",coping_strategies
4-7,2,"Ask them to name one adult they trust to talk to when sad.",emotional_support
4-7,2,"Create a calm playlist together with soft or favorite songs.",comfort
4-7,2,"Let them rest quietly with a comfort toy and dim lighting.",comfort
4-7,2,"Offer washable paints and let them explore without rules.",creative_expression
4-7,2,"Ask: 'What part of today made you feel this way?'",emotional_support
4-7,2,"Introduce a kid-friendly yoga stretch or calming pose.",coping_strategies
4-7,2,"Remind them: 'Sad feelings don't last forever — I promise.'",emotional_support
4-7,2,"Encourage storytelling about a hero who feels sad but finds courage.",creative_expression
4-7,2,"Cut and paste a simple 'feel-better' collage from old magazines.",creative_expression
4-7,2,"Celebrate bravery: 'You told me how you feel. That's amazing.'",emotional_support
4-7,2,"Use a flashlight or hand puppets to show 'feelings come and go.'",creative_expression
4-7,2,"Invite gentle stretching: arms, neck, and back to release tension.",coping_strategies
4-7,2,"Model deep sighing to show how we let sadness move through us safely.",coping_strategies 