age_group,emotion_rating,tip_text,tip_category
4-7,3,"Use calm days to ask: 'What are some feelings you had today?'",emotional_support
4-7,3,"Encourage naming even small emotions: 'Were you bored, excited, calm?'",emotional_support
4-7,3,"Use a feelings wheel or emoji chart as part of their bedtime routine.",coping_strategies
4-7,3,"Ask: 'What was the best and hardest part of your day?'",emotional_support
4-7,3,"Reinforce that it's okay to have 'meh' days — they don't need to be fixed.",emotional_support
4-7,3,"Use neutral moments to introduce a new calming tool like a glitter jar.",coping_strategies
4-7,3,"Play 'feelings charades' — act out and guess emotions for fun learning.",engagement
4-7,3,"Ask: 'What does your heart feel like right now — loud or quiet?'",emotional_support
4-7,3,"Let them reflect by drawing a 'weather report' for their mood.",creative_expression
4-7,3,"Practice breathing tools — like finger tracing or belly breaths.",coping_strategies
4-7,3,"Say: 'It's nice to have peaceful days like this.'",emotional_support
4-7,3,"Model emotional check-ins: 'I felt kind of flat today. Not sad, not happy.'",emotional_support
4-7,3,"Help them build a 'calm day playlist' of favorite gentle songs.",comfort
4-7,3,"Ask: 'Did anything surprise you today?'",emotional_support
4-7,3,"Make a mini-book of recent moods to look back on.",creative_expression
4-7,3,"Reinforce emotional range: 'We don't always have to feel BIG.'",emotional_support
4-7,3,"Suggest journaling or drawing with no specific goal.",creative_expression
4-7,3,"Share a story from your own childhood — good, bad, or just ordinary.",emotional_support
4-7,3,"Ask: 'Did you help someone today?' — reflection builds empathy.",emotional_support
4-7,3,"Let them choose a small ritual: tea time, slow puzzle, or nature walk.",engagement
4-7,3,"Talk about different kinds of calm: cozy calm, quiet calm, focused calm.",emotional_support
4-7,3,"Encourage sorting or organizing toys — a peaceful, productive habit.",engagement
4-7,3,"Read a book with mixed emotions (e.g., happy + nervous).",creative_expression
4-7,3,"Ask: 'What do you think your brain is doing when you feel neutral?'",emotional_support
4-7,3,"Use art supplies with minimal instruction — just let them explore.",creative_expression
4-7,3,"Try 'name that mood' using animals, colors, or shapes.",engagement
4-7,3,"Invite gentle movement like stretching or rolling a yoga ball.",coping_strategies
4-7,3,"Celebrate low-drama wins: 'We had a smooth dinner today!'",emotional_support
4-7,3,"Ask about someone else's feelings: 'How did your teacher seem today?'",emotional_support
4-7,3,"Introduce an emotions dice or spinner game.",engagement
4-7,3,"Use this mood to talk about a previous tough day in a calm space.",emotional_support
4-7,3,"Invite quiet observation: clouds, shadows, leaves.",engagement
4-7,3,"Model gratitude: 'I'm thankful for our slow afternoon.'",emotional_support
4-7,3,"Ask: 'If your mood was a color, what would it be today?'",emotional_support
4-7,3,"Listen to music and ask how each song makes them feel.",creative_expression
4-7,3,"Guide them to write a note or draw for someone else.",creative_expression
4-7,3,"Practice whisper conversations to focus attention and tone.",coping_strategies
4-7,3,"Talk about body signals of feelings: heartbeat, tummy, muscles.",emotional_support
4-7,3,"Gently introduce 'what if' thinking: 'What if tomorrow you felt excited?'",emotional_support
4-7,3,"Offer LEGO or blocks as open-ended calm time.",engagement
4-7,3,"Talk about how the weather can affect feelings, too.",emotional_support
4-7,3,"Ask: 'What's something small you'd like to do today?'",emotional_support
4-7,3,"Reflect aloud: 'We didn't argue today. That felt good.'",emotional_support
4-7,3,"Play 'if I felt ___, I might ___' to rehearse emotional responses.",engagement
4-7,3,"Use cards with faces or eyes and guess the feeling.",engagement
4-7,3,"Say: 'You seem centered today. That's really healthy.'",emotional_support
4-7,3,"Talk about times they've felt brave, just in case they need it later.",emotional_support
4-7,3,"Introduce a future habit: 'Would you like to build a feel-good list?'",coping_strategies
4-7,3,"Let them 'teach' you something they know — this boosts control.",engagement
4-7,3,"End the day by noting how calm can feel just as important as joy.",emotional_support 