age_group,emotion_rating,tip_text,tip_category
4-7,4,"Celebrate their happiness out loud: 'You look so full of joy right now!'",celebration
4-7,4,"Ask: 'What made you smile like that?' to build awareness of joy triggers.",emotional_support
4-7,4,"Reflect their emotion: 'I see sparkly eyes and a big grin — you're feeling great!'",emotional_support
4-7,4,"Reinforce that joy is worth noticing and remembering.",emotional_support
4-7,4,"Say: 'Let's take a mental picture of this moment!'",emotional_support
4-7,4,"Ask them to describe how their body feels when they're happy.",emotional_support
4-7,4,"Encourage a happy dance, funny face, or joyful movement.",celebration
4-7,4,"Let them tell the story of what made them happy — storytelling builds memory.",creative_expression
4-7,4,"Start a 'happy jar' where they drop in drawings or words from joyful days.",creative_expression
4-7,4,"Name the feeling: 'That's excitement! That's pride!'",emotional_support
4-7,4,"Celebrate their efforts, not just outcomes: 'You worked hard AND had fun!'",celebration
4-7,4,"Invite them to share their good mood: 'Want to help make someone else smile?'",engagement
4-7,4,"Record a short video of them explaining their happy moment to replay later.",creative_expression
4-7,4,"Build emotional literacy: 'Is this happy, proud, excited, or silly?'",emotional_support
4-7,4,"Reinforce balance: 'It's great to enjoy this now — and okay if it changes later.'",emotional_support
4-7,4,"Use their energy to create something: a card, a fort, a silly poem.",creative_expression
4-7,4,"Let them lead a play activity while in a happy mood — autonomy builds confidence.",engagement
4-7,4,"Say: 'I'm so glad I got to see you feeling this way today.'",emotional_support
4-7,4,"Encourage them to make up a 'happy song' or jingle.",creative_expression
4-7,4,"Ask what other feelings are hidden inside the happiness (e.g., relief, connection).",emotional_support
4-7,4,"Reflect: 'It looks like you're feeling connected and calm.'",emotional_support
4-7,4,"Use happiness as a reset point: 'Remember how this feels next time you're sad.'",emotional_support
4-7,4,"Keep happy moments low-pressure — let them unfold naturally.",emotional_support
4-7,4,"Say: 'You're glowing — your joy is contagious!'",celebration
4-7,4,"Let them tell someone else about their joy (sibling, friend, grandparent).",engagement
4-7,4,"Take a selfie together to mark the moment.",creative_expression
4-7,4,"Ask: 'What can we do to keep this feeling going?'",emotional_support
4-7,4,"Help them describe their joy as a color, sound, or animal.",creative_expression
4-7,4,"Reinforce their strength: 'You made your own happiness today!'",celebration
4-7,4,"Create a 'Top 3 Happy Moments' of the week list.",creative_expression
4-7,4,"Encourage giving that comes from joy: share a toy, write a thank-you note.",engagement
4-7,4,"Help them notice how their joy affects others: 'Your smile made me smile!'",emotional_support
4-7,4,"Build emotional vocabulary: giddy, excited, grateful, peaceful.",emotional_support
4-7,4,"Reinforce gratitude gently: 'Wasn't it nice of them to do that for you?'",emotional_support
4-7,4,"Let them pick the next family activity while in a good mood.",engagement
4-7,4,"Ask: 'What's something kind you could do while you feel this way?'",engagement
4-7,4,"Use upbeat music to dance together and deepen the connection.",celebration
4-7,4,"Start a journal entry together about the moment.",creative_expression
4-7,4,"Encourage them to make up a joke or a silly game.",engagement
4-7,4,"Let them share their happiness in their own way — don't overdirect it.",emotional_support
4-7,4,"Say: 'This is what happiness can look like — how amazing is that?'",celebration
4-7,4,"Ask: 'What's your favorite kind of happy? Silly? Calm? Excited?'",emotional_support
4-7,4,"Encourage them to draw a 'happy badge' and wear it for the day.",creative_expression
4-7,4,"Use this time to praise emotional growth: 'You've been so patient lately — I'm proud.'",celebration
4-7,4,"Write a short poem or rhyme about the joyful moment together.",creative_expression
4-7,4,"Sit quietly together and just enjoy the afterglow of happiness.",emotional_support
4-7,4,"Teach them to store this feeling in their 'heart memory.'",emotional_support
4-7,4,"Ask them to draw a happy picture for someone else.",creative_expression
4-7,4,"Reinforce the message: 'You deserve to feel this good.'",emotional_support
4-7,4,"Let them simply enjoy the moment — no teaching, just presence.",emotional_support 