age_group,emotion_rating,tip_text,tip_category
4-7,1,"Validate their feelings: 'It's okay to feel sad. I'm here with you.'",emotional_support
4-7,1,"Offer a hug or sit close by quietly. Approach calmly; can be calming.",comfort
4-7,1,"Use a calm-down corner with soft items they choose themselves.",comfort
4-7,1,"Keep a goodbye routine consistent to reduce separation stress.",emotional_support
4-7,1,"Say, 'You're feeling really upset. That's okay. Let's stay close.'",emotional_support
4-7,1,"Draw or color together to help express their feelings without words.",creative_expression
4-7,1,"Use a stuffed toy to talk through what happened.",comfort
4-7,1,"Whisper calming words to lower the energy of the moment.",comfort
4-7,1,"Give them space without abandoning them. Stay nearby.",emotional_support
4-7,1,"Avoid asking why they're sad if they seem overwhelmed.",emotional_support
4-7,1,"Let them hold something soft like a blanket or plush toy.",comfort
4-7,1,"Use visuals or emojis to help them name the emotion.",emotional_support
4-7,1,"Say, 'You look like you feel sad. I'm here with you.'",emotional_support
4-7,1,"Read a gentle story about a sad character who finds comfort.",creative_expression
4-7,1,"Offer water or a small snack. Sadness can mask basic needs.",comfort
4-7,1,"Acknowledge: 'Sometimes sad days just happen, and that's okay.'",emotional_support
4-7,1,"Sit back-to-back to offer closeness without pressure.",comfort
4-7,1,"Guide them to breathe by blowing pretend bubbles together.",coping_strategies
4-7,1,"Avoid correcting behavior while they are still deeply upset.",emotional_support
4-7,1,"Say, 'You'd like to sit together. I can help with that.'",emotional_support
4-7,1,"Sing or hum softly to provide sensory comfort.",comfort
4-7,1,"Give choices: 'Would you like quiet time or to cuddle?'",emotional_support
4-7,1,"Use a firm, calm voice and involve a toy in care (e.g., 'Bear is sad too.').",comfort
4-7,1,"Match their tone and gradually lower yours to help co-regulate.",emotional_support
4-7,1,"Trace shapes on their back or hand with your finger gently.",comfort
4-7,1,"Let them draw with a sad face and talk about what might help it feel better.",creative_expression
4-7,1,"Avoid cheering them up; just stay and remain calm and present.",emotional_support
4-7,1,"Reflect back what they say even if it's small: 'That felt big, huh?'",emotional_support
4-7,1,"Create a predictable end-of-day routine they can count on.",comfort
4-7,1,"Stay calm while they cry, rather than rushing to stop the tears.",emotional_support
4-7,1,"Say: 'You don't need to smile right now. I'll stay with you anyway.'",emotional_support
4-7,1,"Reassure them that sadness doesn't make them bad or wrong.",emotional_support
4-7,1,"If they're non-verbal, offer physical cues and allow quiet expression.",emotional_support
4-7,1,"Lower lights or move to a dim room if the area seems overstimulating.",comfort
4-7,1,"Say: 'You can be sad and still safe with me.'",emotional_support
4-7,1,"Avoid screens as a fix; delays emotional processing.",emotional_support
4-7,1,"Use a soft toy like a worry friend on their belly.",comfort
4-7,1,"Rub their back slowly and rhythmically if welcomed.",comfort
4-7,1,"Allow for regression. Being clingy or needing extra help is okay.",emotional_support
4-7,1,"Introduce the idea of a 'sad day toolkit' for next time.",coping_strategies
4-7,1,"Use soft, consistent words: 'I'm not going anywhere; I'm right here.'",emotional_support
4-7,1,"Let them tell their story multiple times if they need to.",emotional_support
4-7,1,"Repeat: 'You are allowed to feel this' until they soften.",emotional_support
4-7,1,"Offer silence. Presence alone is powerful.",emotional_support
4-7,1,"Tell them a short memory where you were sad and it passed.",emotional_support
4-7,1,"Rock gently or sway slowly together.",comfort
4-7,1,"Keep other sensory input low. No music or background noise.",comfort
4-7,1,"Set simple tasks and give full attention to feelings first.",emotional_support
4-7,1,"Let them lead when they're ready. Don't rush to fix.",emotional_support
4-7,1,"Draw two faces: one for now, one for how they want to feel.",creative_expression
4-7,1,"Say: 'Being sad doesn't scare me. I can handle however you feel.'",emotional_support 