age_group,emotion_rating,tip_text,tip_category
8-10,1,"Say: ""It's okay to feel like this. You don't have to explain it right now.""",emotional_support
8-10,1,"Sit with them silently — your presence alone is powerful.",comfort
8-10,1,"Acknowledge their emotional state without rushing to fix it.",emotional_support
8-10,1,"Say: ""You're not broken. This is just a hard moment.""",emotional_support
8-10,1,"Keep your tone calm and low — emotional intensity is contagious.",coping_strategies
8-10,1,"Avoid offering advice right away — lead with empathy first.",emotional_support
8-10,1,"Ask: ""Do you want comfort, space, or someone just to sit with you?""",emotional_support
8-10,1,"Let them draw or create instead of talking.",creative_expression
8-10,1,"Remind them: ""You're safe. You're loved. I'm here.""",emotional_support
8-10,1,"Suggest a warm drink and quiet lighting — reduce stimulation.",comfort
8-10,1,"Refrain from judgmental questions like ""What's wrong with you?""",emotional_support
8-10,1,"Normalize emotional lows: ""Everyone feels like this sometimes.""",emotional_support
8-10,1,"Invite them to write a note, even if they can't talk yet.",creative_expression
8-10,1,"Model your own emotional honesty: ""I've had sad days too.""",emotional_support
8-10,1,"Ask if they'd like to go for a silent walk together.",engagement
8-10,1,"Reflect back their words: ""It sounds like you feel invisible right now.""",emotional_support
8-10,1,"Respect that they may not want solutions yet — just comfort.",emotional_support
8-10,1,"Be gentle but consistent with boundaries — safety matters.",coping_strategies
8-10,1,"Create a ""Sad Day Plan"" together for when this happens again.",coping_strategies
8-10,1,"Help them build a ""safe space"" corner with blankets, objects, or music.",comfort
8-10,1,"Offer a small sensory object like putty or a warm stone.",comfort
8-10,1,"Say: ""This doesn't change how much I care about you.""",emotional_support
8-10,1,"Reassure them that strong feelings won't last forever.",emotional_support
8-10,1,"Avoid dismissive phrases like ""You're being dramatic.""",emotional_support
8-10,1,"Let them cry without pressure to stop — tears are valid.",emotional_support
8-10,1,"Use grounding techniques: ""What can you see, feel, hear right now?""",coping_strategies
8-10,1,"Stay regulated yourself — your calm anchors them.",coping_strategies
8-10,1,"Ask if they want a weighted blanket or fidget to hold.",comfort
8-10,1,"Read or play something calm and familiar, like a favorite audiobook.",comfort
8-10,1,"Keep other siblings or people at a distance if needed.",comfort
8-10,1,"Offer a written note with love and encouragement if verbal talk isn't welcome.",emotional_support
8-10,1,"Provide structure gently: ""Would you like to eat or rest first?""",coping_strategies
8-10,1,"Be careful with humor — timing is everything.",emotional_support
8-10,1,"Give them a small feelings tracker to use on their own terms.",coping_strategies
8-10,1,"Gently say: ""You don't have to feel better right away. I'll wait with you.""",emotional_support
8-10,1,"Use art prompts: ""Draw what this feeling looks like inside.""",creative_expression
8-10,1,"Revisit their emotional chart or past notes to find patterns.",coping_strategies
8-10,1,"Avoid bringing up past behavior mistakes right now.",emotional_support
8-10,1,"Acknowledge their emotional intelligence: ""You're allowed to feel deeply.""",emotional_support
8-10,1,"Guide them to rate their sadness (1–10) to build awareness.",coping_strategies
8-10,1,"If they isolate, check in softly without intrusion.",emotional_support
8-10,1,"Say: ""Even if you don't talk, I'll keep showing up for you.""",emotional_support
8-10,1,"Offer non-verbal bonding: puzzles, coloring, parallel play.",engagement
8-10,1,"Give them a temporary ""pass"" on homework or chores if they're overloaded.",comfort
8-10,1,"Use affirming statements: ""This isn't who you are. It's just how you feel today.""",emotional_support
8-10,1,"Let them hold something meaningful — a family photo, memory item, comfort toy.",comfort
8-10,1,"Say: ""Let's just breathe together for one minute.""",coping_strategies
8-10,1,"Don't assume the cause — sadness doesn't always have a reason.",emotional_support
8-10,1,"Reflect after the moment: ""You were brave for letting yourself feel that.""",emotional_support
8-10,1,"Always close with reassurance: ""You matter, even on the hard days.""",emotional_support 