age_group,emotion_rating,tip_text,tip_category
8-10,5,"Say: ""You seem really excited — tell me everything!""",emotional_support
8-10,5,"Let them relive the moment by retelling it to someone else.",emotional_support
8-10,5,"Celebrate out loud: ""This moment deserves a cheer!""",emotional_support
8-10,5,"Ask: ""What's making your heart feel full right now?""",emotional_support
8-10,5,"Join in — dance, high five, laugh, get loud with them.",engagement
8-10,5,"Record the moment: journal it, snap a photo, write a quote.",creative_expression
8-10,5,"Help them express joy through movement, art, or voice.",creative_expression
8-10,5,"Say: ""You worked for this — that makes it even sweeter.""",emotional_support
8-10,5,"Link the joy to effort: ""All your practice really paid off.""",emotional_support
8-10,5,"Encourage them to make a thank-you card for someone involved.",creative_expression
8-10,5,"Invite a ""Joy Replay"" — relive it in slow motion or charades.",engagement
8-10,5,"Add it to a ""Victory Wall"" or ""Awesome Moments Jar.""",creative_expression
8-10,5,"Practice savoring: ""Pause and just soak it in for 10 seconds.""",coping_strategies
8-10,5,"Ask: ""What do you want to remember about this forever?""",coping_strategies
8-10,5,"Celebrate emotional awareness: ""You're really in tune with your feelings today.""",emotional_support
8-10,5,"Create a ""Joy Anchor"" — color, item, or phrase that brings the memory back later.",coping_strategies
8-10,5,"Use a ""power word"" for the day (e.g., champion, unstoppable, sparkle).",emotional_support
8-10,5,"Gently check: ""Your body feels really energized — want to run it out or slow it down a bit?""",coping_strategies
8-10,5,"Teach emotional contrast: ""Remember how down you felt last week? Look at you now.""",coping_strategies
8-10,5,"Make a short video journal entry for future-you.",creative_expression
8-10,5,"Channel the mood into creating — writing, designing, or building something fun.",creative_expression
8-10,5,"Invite them to plan a kindness activity using their happy energy.",engagement
8-10,5,"Help them draw a comic strip of today's highlight.",creative_expression
8-10,5,"Say: ""That smile is powerful. What else can it do today?""",emotional_support
8-10,5,"Let them share their win with someone important.",emotional_support
8-10,5,"Use a ""Celebration Code Word"" they can shout to mark a good moment.",creative_expression
8-10,5,"Suggest a fun activity to keep the momentum going (dancing, games, challenges).",engagement
8-10,5,"Encourage them to reflect: ""What made today so magical?""",coping_strategies
8-10,5,"Say: ""You're glowing. Want to help someone else feel this way?""",emotional_support
8-10,5,"Invite them to create a joy collage with stickers, drawings, words.",creative_expression
8-10,5,"Offer gentle grounding if excitement tips into overwhelm.",coping_strategies
8-10,5,"Ask: ""How did your choices help today go so well?""",coping_strategies
8-10,5,"Teach that joy is a gift to share, not to suppress.",emotional_support
8-10,5,"Practice 10 seconds of joyful stillness — a rare and mindful challenge!",coping_strategies
8-10,5,"Let them design a celebration ritual — special meal, handshake, song.",creative_expression
8-10,5,"Ask: ""Who would you love to tell about this moment?""",emotional_support
8-10,5,"Use storytelling: ""Tell it like a movie — what happened first, next, last?""",creative_expression
8-10,5,"Play a ""Mood Memory"" game later in the week to recall the highlight.",engagement
8-10,5,"Help them name what this joy says about them (brave, kind, determined).",emotional_support
8-10,5,"Model celebration without material rewards — emotional richness matters.",emotional_support
8-10,5,"Reflect: ""What was different today than most days?""",coping_strategies
8-10,5,"Invite journaling: ""Write about what made this day a 10 out of 10.""",creative_expression
8-10,5,"Teach them to recognize body signs of big joy (heartbeat, energy, thoughts).",coping_strategies
8-10,5,"Practice ""joy breathing"": inhale the memory, exhale gratitude.",coping_strategies
8-10,5,"Say: ""This feeling is yours forever. Even on tough days, it's still part of you.""",emotional_support
8-10,5,"Encourage a note to future self: ""Remember this day when you're feeling low.""",creative_expression
8-10,5,"Add it to their mood tracker as a peak moment.",coping_strategies
8-10,5,"Let them lead a short joy ritual for the family.",engagement
8-10,5,"Use today's joy to talk about values: what really matters to them.",coping_strategies
8-10,5,"End the day with a happy exhale: ""That was special. I'm so glad I got to share it with you.""",emotional_support 