age_group,emotion_rating,tip_text,tip_category
4-7,5,"Mirror their excitement with presence: 'Wow! That looks amazing!'",emotional_support
4-7,5,"Join them with energy: 'Can I celebrate with you?'",celebration
4-7,5,"Ask: 'What's making your body feel so bubbly today?'",emotional_support
4-7,5,"Reinforce: 'You're allowed to feel this excited — let's enjoy it together!'",emotional_support
4-7,5,"Let them lead a game or activity while feeling confident.",engagement
4-7,5,"Create a quick 'joy ritual' like dancing or jumping high-fives.",celebration
4-7,5,"Capture the moment with a silly photo or video — let them direct it.",creative_expression
4-7,5,"Reflect the moment back: 'You did that all by yourself — look how proud you are!'",celebration
4-7,5,"Offer praise that highlights effort: 'You kept trying and it worked!'",celebration
4-7,5,"Use a glitter jar or snow globe to connect the feeling to a visual image.",creative_expression
4-7,5,"Ask: 'What's your favorite part of right now?'",emotional_support
4-7,5,"Encourage sharing the joy: 'Want to call grandma and tell her?'",engagement
4-7,5,"Let them draw or write about what just made them feel so great.",creative_expression
4-7,5,"Support healthy pride: 'You should feel proud — you practiced a lot.'",celebration
4-7,5,"Help them make up a victory song or superhero move.",creative_expression
4-7,5,"Reinforce joy as a strength: 'Your happiness spreads like sunshine.'",emotional_support
4-7,5,"Turn the moment into a memory: 'We'll talk about this day again.'",emotional_support
4-7,5,"Ask how they'd like to celebrate — snack, hug, story, dance?",celebration
4-7,5,"Suggest writing a 'thank you' note if someone helped spark their joy.",creative_expression
4-7,5,"Encourage them to 'save the joy' by putting it in their heart or drawing it.",emotional_support
4-7,5,"Let them direct play for a while — build leadership confidence.",engagement
4-7,5,"Say: 'I love seeing you light up like this. It makes my day.'",emotional_support
4-7,5,"Introduce gentle reflection: 'Was this the best part of your day?'",emotional_support
4-7,5,"Use colorful language: 'Your joy is like a firework show!'",emotional_support
4-7,5,"Ask: 'What can we do to spread this feeling to someone else?'",engagement
4-7,5,"Let them journal with stickers, stamps, or emojis.",creative_expression
4-7,5,"Guide them to thank themselves for being brave or trying hard.",emotional_support
4-7,5,"Invite them to share their mood on a family 'feeling board.'",creative_expression
4-7,5,"Make a spontaneous joy-inspired snack or mini celebration.",celebration
4-7,5,"Build an 'awesome list' — things that make them feel super happy.",creative_expression
4-7,5,"Reinforce: 'You created this happiness. You did that!'",celebration
4-7,5,"Use the moment to model gratitude: 'I'm thankful for this moment with you.'",emotional_support
4-7,5,"Help them choose a song that matches their big energy.",creative_expression
4-7,5,"Offer a creative outlet: make a card, comic, or short story.",creative_expression
4-7,5,"Encourage them to pass the feeling forward — help a sibling or friend.",engagement
4-7,5,"Show them how their big joy lifts others: 'I was tired, but now I feel good just watching you!'",emotional_support
4-7,5,"Reflect emotional vocabulary: thrilled, elated, proud, giddy.",emotional_support
4-7,5,"Celebrate small wins too — normalize everyday joy.",celebration
4-7,5,"Take a walk or jump together to channel the energy physically.",engagement
4-7,5,"Use art: 'Can you paint or color your joy?'",creative_expression
4-7,5,"Let them teach someone else how they did something fun.",engagement
4-7,5,"Ask: 'What did you say to yourself to get this far?'",emotional_support
4-7,5,"Introduce self-celebration: 'Give yourself a happy high five!'",celebration
4-7,5,"Build a 'joy jar' filled with drawings of proud moments.",creative_expression
4-7,5,"Record a 'joy voice note' for future sad days.",creative_expression
4-7,5,"Ask what made them happiest — helps strengthen gratitude.",emotional_support
4-7,5,"Help them create a 'hero moment' story out of the event.",creative_expression
4-7,5,"Say: 'You're showing so much light today. Shine on.'",emotional_support
4-7,5,"Introduce a joy meter to help them rate big feelings.",emotional_support
4-7,5,"Gently guide toward wind-down later: 'Let's stretch after all that joy.'",coping_strategies 