age_group,emotion_rating,tip_text,tip_category
8-10,3,"Ask: ""What kind of day did you have — calm, boring, okay?""",emotional_support
8-10,3,"Invite reflection with: ""What's something you noticed about today?""",coping_strategies
8-10,3,"Use the moment to check in on body and mind: tired? hungry? overwhelmed?",coping_strategies
8-10,3,"Encourage them to rate their day from 1–10 and explain why.",coping_strategies
8-10,3,"Let them journal a ""mood snapshot"" — 3 words to describe the day.",creative_expression
8-10,3,"Say: ""Not every day needs to be exciting. Calm is powerful too.""",emotional_support
8-10,3,"Model neutrality with curiosity: ""I'm feeling kind of still today — you?""",emotional_support
8-10,3,"Ask: ""Did anything surprise you today, even a little bit?""",engagement
8-10,3,"Use neutral days to practice identifying smaller feelings.",coping_strategies
8-10,3,"Say: ""It's okay not to feel a lot right now.""",emotional_support
8-10,3,"Invite them to list 3 things they saw, heard, or felt today.",coping_strategies
8-10,3,"Suggest a simple body scan: head to toe, what do you notice?",coping_strategies
8-10,3,"Talk about how moods are like weather — sometimes it's just cloudy.",emotional_support
8-10,3,"Explore: ""What do you usually do when you feel this way?""",coping_strategies
8-10,3,"Play a game that encourages calm thinking (puzzle, strategy cards).",engagement
8-10,3,"Invite them to help with a routine task — it builds grounding.",engagement
8-10,3,"Use art or music to express quiet feelings.",creative_expression
8-10,3,"Let them choose how to spend some free time — self-direction builds confidence.",engagement
8-10,3,"Ask: ""If this feeling had a color, what would it be?""",creative_expression
8-10,3,"Encourage light journaling: ""3 things I noticed, 1 thing I felt.""",creative_expression
8-10,3,"Invite reflection without expectation: ""No pressure to feel anything big.""",emotional_support
8-10,3,"Ask open-endedly: ""Want to do something mellow, or just chill?""",engagement
8-10,3,"Offer a check-in scale: 1 = low energy, 5 = ready for action.",coping_strategies
8-10,3,"Use neutral moods to practice gratitude or appreciation.",coping_strategies
8-10,3,"Introduce mindfulness: notice breathing, blinking, surroundings.",coping_strategies
8-10,3,"Let them draw a ""Mood Monster"" for what ""neutral"" might look like.",creative_expression
8-10,3,"Share a story about a quiet or peaceful day you remember.",emotional_support
8-10,3,"Ask: ""Do you feel like doing something creative or just relaxing?""",engagement
8-10,3,"Encourage them to notice what their body wants — move, sit, rest.",coping_strategies
8-10,3,"Use calming games or memory prompts to stimulate thought.",engagement
8-10,3,"Validate ""meh"" moods as totally normal and useful.",emotional_support
8-10,3,"Say: ""Not every moment needs a big emotion to matter.""",emotional_support
8-10,3,"Gently encourage a small act of kindness or helpfulness.",engagement
8-10,3,"Introduce them to emotional vocabulary beyond happy/sad: content, dull, neutral.",coping_strategies
8-10,3,"Play ""emoji match"" — pick one that fits their current state.",engagement
8-10,3,"Let them practice quiet choices — a book, playlist, coloring page.",comfort
8-10,3,"Talk about emotional balance: highs, lows, and in-betweens all matter.",emotional_support
8-10,3,"Build a simple end-of-day reflection habit (3 words, 1 highlight).",coping_strategies
8-10,3,"Use their neutrality as a launchpad for future planning: ""Anything you're looking forward to?""",engagement
8-10,3,"Suggest stretching or gentle movement to reconnect with their body.",coping_strategies
8-10,3,"Normalize not being ""on"" all the time: ""Energy levels change all the time.""",emotional_support
8-10,3,"Ask them to pick a calm animal or weather type that fits their mood.",creative_expression
8-10,3,"Encourage creating a quiet playlist or a personal chill-out routine.",comfort
8-10,3,"Invite them to do a silent challenge: 2 minutes of total stillness.",coping_strategies
8-10,3,"Play a question game that invites thought without emotional weight.",engagement
8-10,3,"Help them recognize if they're drifting toward bored or peaceful.",coping_strategies
8-10,3,"Gently probe for overlooked feelings: ""Anything small bug you today?""",emotional_support
8-10,3,"Celebrate awareness: ""It's great that you're noticing your state of mind.""",emotional_support
8-10,3,"Use neutral days to reinforce emotional tracking — build the habit.",coping_strategies
8-10,3,"Always close with care: ""Even mellow days matter. I'm glad we talked.""",emotional_support 