age_group,emotion_rating,tip_text,tip_category
8-10,2,"Say: ""You seem down today. Want to talk or just hang out?""",emotional_support
8-10,2,"Reflect gently: ""That sounds like it was really frustrating.""",emotional_support
8-10,2,"Acknowledge sadness without rushing to cheer them up.",emotional_support
8-10,2,"Ask: ""Want to write it out, draw it, or leave it for now?""",creative_expression
8-10,2,"Suggest a short distraction, not avoidance: ""Let's reset with a game.""",engagement
8-10,2,"Share a story of when you felt similarly as a child.",emotional_support
8-10,2,"Remind them: ""Sad days don't last forever, even if they feel like it.""",emotional_support
8-10,2,"Help them name the feeling: sad, disappointed, hurt, tired, etc.",coping_strategies
8-10,2,"Say: ""You're not too sensitive — you just feel things deeply.""",emotional_support
8-10,2,"Create space for them to express without judgment.",emotional_support
8-10,2,"Offer a light snack or warm drink — hunger can fuel emotions.",comfort
8-10,2,"Encourage them to talk to a trusted adult or friend.",emotional_support
8-10,2,"Offer a quiet moment together — no pressure to talk.",comfort
8-10,2,"Gently ask: ""What part of the day felt hardest?""",emotional_support
8-10,2,"Use their sadness as an opportunity to model self-kindness.",emotional_support
8-10,2,"Let them pick a calming or uplifting activity.",engagement
8-10,2,"Say: ""You're allowed to be sad and still be strong.""",emotional_support
8-10,2,"Validate smaller sadness — it doesn't have to be ""a big deal"" to matter.",emotional_support
8-10,2,"Help them make a short ""Feel Better Plan"" with 2–3 ideas.",coping_strategies
8-10,2,"Suggest journaling with a prompt like: ""One thing that helped today was...""",creative_expression
8-10,2,"Let them talk while doing something side-by-side (e.g., cooking, drawing).",engagement
8-10,2,"Offer permission to ""pause"" expectations (homework, chores) temporarily.",comfort
8-10,2,"Avoid toxic positivity like: ""At least it's not worse.""",emotional_support
8-10,2,"Praise emotional awareness: ""Thanks for telling me how you're feeling.""",emotional_support
8-10,2,"Teach them it's okay to cry — tears are healthy release.",emotional_support
8-10,2,"Share a book or short video that explores sadness with empathy.",engagement
8-10,2,"Make them a ""sad day playlist"" with soft or comforting music.",comfort
8-10,2,"Suggest they write a note to their future self about getting through it.",creative_expression
8-10,2,"Offer them the chance to rest without guilt.",comfort
8-10,2,"Ask if they want to go outside for a walk or bike ride.",engagement
8-10,2,"Point out: ""You've made it through tough days before.""",emotional_support
8-10,2,"Teach ""self-check-in"" questions: ""Am I tired, hungry, or overwhelmed?""",coping_strategies
8-10,2,"Create a small comfort basket with items they choose (fidget, journal, socks).",comfort
8-10,2,"Practice emotional vocabulary expansion: ""Is this lonely, discouraged, or something else?""",coping_strategies
8-10,2,"Sit beside them and offer your calm, not just your words.",comfort
8-10,2,"Use breathing or grounding techniques, but only with consent.",coping_strategies
8-10,2,"Avoid overanalyzing the cause unless they invite the conversation.",emotional_support
8-10,2,"Let them color, build, or move their body to reset.",engagement
8-10,2,"Say: ""You don't have to smile to make me feel better. Just be you.""",emotional_support
8-10,2,"Gently reflect back: ""You seemed different after school — want to tell me why?""",emotional_support
8-10,2,"Ask: ""Would it help to write about this or keep it private?""",creative_expression
8-10,2,"Avoid performance pressure — sadness is not a failure.",emotional_support
8-10,2,"Invite connection: ""Would it help to hang out, even in silence?""",emotional_support
8-10,2,"Reinforce trust: ""You can always bring your feelings to me.""",emotional_support
8-10,2,"Help them plan something kind for someone else — sadness shrinks in connection.",engagement
8-10,2,"Point out even small efforts: ""It was brave to show up today.""",emotional_support
8-10,2,"Let them express sadness through fiction or drawing characters.",creative_expression
8-10,2,"Avoid lectures — listen more than you speak.",emotional_support
8-10,2,"Normalize it: ""We all have off days — this is part of being human.""",emotional_support
8-10,2,"End with warmth: ""Sad or not, I'm proud to be your parent.""",emotional_support 