age_group,emotion_rating,tip_text,tip_category
8-10,4,"Say: ""I love seeing you like this. Want to tell me what made you smile?""",emotional_support
8-10,4,"Invite them to write down or draw one highlight from their day.",creative_expression
8-10,4,"Ask: ""What would make today even better?""",engagement
8-10,4,"Celebrate small wins out loud to reinforce self-worth.",emotional_support
8-10,4,"Say: ""Let's save this memory — want to take a photo or draw it?""",creative_expression
8-10,4,"Encourage them to share their joy with someone else.",emotional_support
8-10,4,"Suggest they write a quick ""gratitude burst"": 3 things they liked today.",coping_strategies
8-10,4,"Match their energy — dance, high-five, laugh with them.",engagement
8-10,4,"Reflect: ""What made this feel like a good day?""",coping_strategies
8-10,4,"Create a ""Feel-Good Jar"" together and add today's moment to it.",creative_expression
8-10,4,"Point out how their joy spreads to others: ""You've brightened the room.""",emotional_support
8-10,4,"Ask: ""What are you proud of today?""",emotional_support
8-10,4,"Encourage them to express happiness through art, writing, or movement.",creative_expression
8-10,4,"Say: ""Your smile is my favorite part of today.""",emotional_support
8-10,4,"Let them plan a fun activity while they're feeling good.",engagement
8-10,4,"Link their mood to self-awareness: ""You noticed what you needed today — that's smart.""",coping_strategies
8-10,4,"Reflect on effort, not just outcomes: ""You worked for that happy moment.""",emotional_support
8-10,4,"Invite them to thank someone who made them feel good.",emotional_support
8-10,4,"Keep the energy going with a shared silly moment or game.",engagement
8-10,4,"Encourage them to make a ""Happy Playlist"" they can use later too.",creative_expression
8-10,4,"Ask: ""What made you feel connected or included today?""",emotional_support
8-10,4,"Say: ""Let's celebrate this — joy deserves attention too.""",emotional_support
8-10,4,"Let them teach you something they're excited about.",engagement
8-10,4,"Offer to write down their good day in a shared notebook.",creative_expression
8-10,4,"Acknowledge growth: ""You've been handling things really well lately.""",emotional_support
8-10,4,"Create a tradition around joy — ""Friday Highlights,"" ""Joy Notes,"" etc.",creative_expression
8-10,4,"Link happiness to values: kindness, perseverance, curiosity, etc.",coping_strategies
8-10,4,"Invite reflection: ""Was there a moment where you surprised yourself today?""",coping_strategies
8-10,4,"Say: ""You're allowed to feel good — enjoy it fully.""",emotional_support
8-10,4,"Talk about sharing good news without bragging — emotional intelligence in action.",coping_strategies
8-10,4,"Help them describe the feeling in detail: ""light? buzzy? calm?""",coping_strategies
8-10,4,"Reinforce emotional tracking: ""Want to record this in your check-in?""",coping_strategies
8-10,4,"Ask: ""What do you want to remember about today?""",coping_strategies
8-10,4,"Let them write a kind note to their future self.",creative_expression
8-10,4,"Share your own moment of happiness and model connection.",emotional_support
8-10,4,"Create a joy collage — photos, words, symbols of good feelings.",creative_expression
8-10,4,"Ask: ""What helped today go well?"" (friends, focus, fun?)",coping_strategies
8-10,4,"Teach them to hold onto joy without fearing it will end.",coping_strategies
8-10,4,"Say: ""You made someone else's day better too — mine.""",emotional_support
8-10,4,"Help them identify habits that support their happiness.",coping_strategies
8-10,4,"Reinforce balance: ""Happy days are part of the emotional cycle too.""",coping_strategies
8-10,4,"Invite them to create a ""Happiness Anchor"" — object, scent, sound.",creative_expression
8-10,4,"Say: ""Let's stretch this joy a little longer — what sounds fun?""",engagement
8-10,4,"Encourage them to help someone else feel included today.",emotional_support
8-10,4,"Add to a ""Joy Journal"" they can revisit later.",creative_expression
8-10,4,"Teach that feeling good doesn't mean ignoring others — it means sharing well.",coping_strategies
8-10,4,"Guide them to savor a moment mindfully — sights, sounds, emotions.",coping_strategies
8-10,4,"Say: ""Even when life is hard, these moments remind us of the good.""",emotional_support
8-10,4,"Let them reflect on how their own choices contributed to their mood.",coping_strategies
8-10,4,"End the day by repeating one joyful thing aloud together.",emotional_support 